seed,fit_time_sec_mean,fit_time_sec_std,predict_time_sec_mean,predict_time_sec_std,accuracy_mean,accuracy_std,precision_mean,precision_std,recall_mean,recall_std,f1_mean,f1_std,target,experiment,framework
42,0.4187794411962386,0.00861937618199072,0.002291008201427758,6.571506099628971e-05,0.7481481481481481,0.03840081732097725,0.7961340236340236,0.020434670823342015,0.8465465465465465,0.08476770577478608,0.818389213892865,0.03764457549296402,sex,boosting_suite_lightgbm_baseline,boosting_suite_lightgbm_baseline
77,0.4188166833977448,0.00887602317871705,0.002281016600318253,5.848934504178603e-05,0.737037037037037,0.05138680342782076,0.7950624390252873,0.038708247280004555,0.8247747747747749,0.06366702778804975,0.8087007112854951,0.04192236968003758,sex,boosting_suite_lightgbm_baseline,boosting_suite_lightgbm_baseline
