framework,f1_macro,accuracy,roc_auc_ovr,avg_precision_ovr
FLAML,0.6296296296296295,0.7222222222222222,0.8616852146263911,0.9459891552570847
