framework,f1_macro,accuracy,roc_auc_ovr,avg_precision_ovr
H2O_AutoML,0.790610718737017,0.8392857142857143,0.8974358974358975,0.9574253983718625
