framework,rmse,mae,r2
FLAML,0.4340987255756125,0.2781148420824053,0.8561962664516111
