{
  "n_estimators": 15,
  "num_leaves": 197,
  "min_child_samples": 21,
  "learning_rate": 0.6051795059872109,
  "log_max_bin": 7,
  "colsample_bytree": 1.0,
  "reg_alpha": 0.0027613244683247504,
  "reg_lambda": 0.39414004340757913
}