fold,framework,rmse,mae,r2
1,CatBoost,0.04077664814630126,0.03681906980354943,0.2657028454245626
