framework,rmse,mae,r2
FLAML,0.043195616126886376,0.03871779376052299,0.17348603098556603
