{
  "fold": 3.0,
  "accuracy": 0.5391666666666667,
  "f1_macro": 0.5343004049991137,
  "roc_auc_ovr": 0.541232182208557,
  "avg_precision_ovr": 0.5171591669143546,
  "folds": 5,
  "target": "IsInsurable"
}