feature,importance
MedInc,0.40339822
AveOccup,0.13283493
Longitude,0.13162044
Latitude,0.11536835
AveRooms,0.083335966
HouseAge,0.06867723
AveBedrms,0.039661992
Population,0.025102908
