feature,importance
MedInc,0.4232027
AveOccup,0.13462779
Latitude,0.12924442
Longitude,0.12257074
AveRooms,0.07128749
HouseAge,0.06224058
AveBedrms,0.03274998
Population,0.024076354
