feature,importance
MedInc,0.4035096
Longitude,0.1354486
AveOccup,0.12708893
Latitude,0.11732683
AveRooms,0.08433487
HouseAge,0.06781719
AveBedrms,0.03932318
Population,0.025150837
