feature,importance
MedInc,0.42884198
AveOccup,0.13679217
Latitude,0.12030624
Longitude,0.11639381
AveRooms,0.07041404
HouseAge,0.06474435
AveBedrms,0.038610075
Population,0.023897331
