feature,importance
MedInc,0.40135065
Longitude,0.13335322
AveOccup,0.12753303
Latitude,0.11895055
AveRooms,0.08491803
HouseAge,0.06768519
AveBedrms,0.041454893
Population,0.024754347
