framework,f1_macro,accuracy,roc_auc_ovr,avg_precision_ovr
H2O_AutoML,0.6275123205485322,0.8066037735849056,0.8553221288515406,0.5425189311995897
