framework,metric,ci95_lo,ci95_hi
XGBoost,f1_macro,0.8309948838662177,0.8347270902497551
XGBoost,accuracy,0.8481802286058555,0.851586231663215
