feature,importance
s4,0.19222347
s3,0.18301465
bp,0.10255154
bmi,0.09996295
s1,0.08184891
target,0.080366164
s6,0.073542744
age,0.064103305
s5,0.06254666
s2,0.0598396
