feature,importance
s4,0.24187385
s3,0.14397766
bp,0.10155256
bmi,0.09083562
s5,0.08689963
target,0.07743082
s6,0.072988234
age,0.06668059
s1,0.064138494
s2,0.053622544
