feature,importance
s4,0.21886091
s3,0.12768789
s5,0.09724746
target,0.09579065
bp,0.094379775
bmi,0.0887093
s6,0.08514949
age,0.069483034
s1,0.06894956
s2,0.053741995
