feature,importance
s3,0.1706654
s4,0.16431934
bmi,0.1031987
bp,0.09841532
s5,0.09149453
target,0.09065994
s6,0.07971011
s1,0.070350066
age,0.065862834
s2,0.065323755
