feature,importance
s4,0.18289225
s3,0.15455925
bmi,0.10221507
bp,0.099589646
s6,0.09599801
s5,0.08824136
s1,0.07452593
target,0.07331259
age,0.06524364
s2,0.06342229
