feature,importance
s4,0.19860305
s3,0.16460128
bmi,0.09318824
s6,0.088631704
target,0.08457179
bp,0.08213191
s1,0.07939325
s5,0.07534701
s2,0.06718753
age,0.066344224
