feature,importance
s4,0.17511454
s3,0.15732303
bmi,0.10396112
s5,0.09169177
bp,0.087959625
target,0.087799385
s6,0.08589595
s1,0.07851119
age,0.07036395
s2,0.06137947
