feature,importance
s4,0.24590242
s3,0.1292203
bmi,0.09923242
bp,0.09037886
s5,0.08828974
target,0.08559315
s6,0.07128686
s2,0.06417094
age,0.06338783
s1,0.06253756
