feature,importance
s4,0.2104166
s3,0.1710709
bp,0.10646769
target,0.09012439
s5,0.08435537
bmi,0.08277883
age,0.07336171
s6,0.06936233
s2,0.057014108
s1,0.055048067
