feature,importance
s4,0.18524422
s3,0.1646353
bmi,0.09763548
bp,0.09727529
target,0.09447401
s5,0.08906639
s6,0.086381696
age,0.07113488
s1,0.061258014
s2,0.05289475
