f1_macro,accuracy,roc_auc_ovr,avg_precision_ovr,framework
0.4,0.4,0.5833333333333333,0.7555555555555555,FLAML
0.0,0.0,0.5,0.3333333333333333,H2O_AutoML
