pair,metric,t,p
XGBoost_vs_LightGBM,f1_macro,1.1770642583324225,0.3044277360040282
