pair,metric,t,p
XGBoost_vs_LightGBM,f1_macro,-0.5815141238983981,0.6646821570035102
