feature,importance
MedInc,0.39914203
Longitude,0.1333587
AveOccup,0.12744248
Latitude,0.12400033
AveRooms,0.084589526
HouseAge,0.06841849
AveBedrms,0.036670364
Population,0.02637807
