feature,importance
MedInc,0.40635595
Longitude,0.1319304
AveOccup,0.13017584
Latitude,0.11519594
AveRooms,0.083227366
HouseAge,0.06731065
AveBedrms,0.041367617
Population,0.024436248
