framework,seed,fold,fit_time_sec,predict_time_sec,accuracy,precision,recall,f1
automl_suite_flaml,42,1,174.33983412501402,0.22467275000235531,0.9226972669504596,0.889071416219955,0.8937076308013211,0.8913834951456311
automl_suite_flaml,42,2,146.23358225000266,0.17704075000074226,0.9206613609722993,0.883170355120947,0.8948374760994264,0.8889656363322397
automl_suite_flaml,42,3,86.46181133299251,0.17367891600588337,0.9228206551915602,0.8945661700262927,0.8871023813662438,0.8908186419968581
automl_suite_flaml,42,4,48.359484250002424,0.17185866700310726,0.9200135727065211,0.8834107726725177,0.8923946110386788,0.8878799671379772
automl_suite_flaml,42,5,60.30478391700308,0.15104204099043272,0.9260287494601764,0.8947550931946251,0.8970882225119513,0.8959201388888889
