seed,fit_time_sec_mean,fit_time_sec_std,predict_time_sec_mean,predict_time_sec_std,accuracy_mean,accuracy_std,precision_mean,precision_std,recall_mean,recall_std,f1_mean,f1_std,target,experiment,framework
42,4.475504891801393,0.0839406421836984,0.16971864979423118,0.014654643591833728,0.9240113517181813,0.002735022900553466,0.8915206298778194,0.004592098467343752,0.894781645960957,0.003673906676591056,0.8931454846932432,0.00378381202998859,IsInsurable,boosting_suite_lightgbm_baseline,boosting_suite_lightgbm_baseline
77,4.220169891999103,0.1323478289114511,0.17057866679970174,0.025423952024555236,0.9236905422913196,0.0016190152390426705,0.8909496639381173,0.0027014741672956935,0.8944860361576179,0.004997003309415712,0.8927054235179226,0.002472868995696515,IsInsurable,boosting_suite_lightgbm_baseline,boosting_suite_lightgbm_baseline
