framework,f1_macro,accuracy,roc_auc_ovr,avg_precision_ovr
H2O_AutoML,0.9173747047077081,0.9239961611095632,0.9823262793801057,0.9694968227432126
