fold,framework,accuracy,f1_macro,roc_auc_ovr,avg_precision_ovr
1,XGBoost,0.9226047257696341,0.9154918762012594,0.9819746148711074,0.9693467628459496
2,XGBoost,0.9222654081066074,0.9152615048951858,0.98184690589561,0.9689722271868932
3,XGBoost,0.9240545376025665,0.9170213203942799,0.9822606067543883,0.9698793618067623
4,XGBoost,0.9204454315503733,0.9130933217160363,0.9812212274967175,0.9682222742448803
5,XGBoost,0.927139243630082,0.9203729335337543,0.9830678006209081,0.9712230551621509
