pair,metric,t,p
XGBoost_vs_LightGBM,f1_macro,0.557316827651645,0.6070239761044438
