mae,r2,rmse,framework,f1_macro,accuracy,roc_auc_ovr,avg_precision_ovr
2.6786656,-0.0835022330284118,3.137423,XGBoost,,,,
2.6464363580868566,-0.0550157232060689,3.096643598513096,LightGBM,,,,
2.5590932030736733,-1.2462523575562656e-05,3.080731374762504,CatBoost,,,,
,,,H2O_AutoML,0.0,0.0,0.9375,0.3333333333333333
