framework,f1_macro,accuracy,roc_auc_ovr,avg_precision_ovr
FLAML,0.9712773998488284,0.9736842105263158,0.9904100529100529,0.9934704868409511
