pair,metric,t,p
XGBoost_vs_LightGBM,f1_macro,10.593128392896535,0.000449452206214046
