pair,metric,t,p
XGBoost_vs_LightGBM,f1_macro,-0.4530600344639933,0.6739935668534484
