fold,framework,rmse,mae,r2
1,CatBoost,3.0807313747625042,2.5590932030736733,-1.2462523575562656e-05
