fold,framework,rmse,mae,r2
1,LightGBM,3.1827240970301154,2.7440615830598056,-0.05179186399054059
2,LightGBM,3.010563099996076,2.548811133113908,-0.058239582421597325
