fold,framework,rmse,mae,r2
1,XGBoost,3.202853,2.7631252,-0.06513774394989014
2,XGBoost,3.0719934,2.5942063,-0.1018667221069336
