framework,f1_macro,accuracy,roc_auc_ovr,avg_precision_ovr
H2O_AutoML,0.4401477418993788,0.4959016393442623,0.6350150396499864,0.5542085953937934
