iter	Logloss
0	0.6886524531
1	0.6816732097
2	0.6773610168
3	0.6742623648
4	0.6706071017
