framework,f1_macro,accuracy,roc_auc_ovr,avg_precision_ovr
FLAML,0.8314670321290877,0.8490121813901116,0.9343980119778712,0.9699600071500772
