framework,f1_macro,accuracy,roc_auc_ovr,avg_precision_ovr
H2O_AutoML,0.8256233677119715,0.8480543545398395,0.9383957820390262,0.9709704069692427
