framework,f1_macro,accuracy,roc_auc_ovr,avg_precision_ovr
FLAML,0.5619414668929864,0.9723543071989385,0.7691904327640525,0.08235798949469061
