framework,f1_macro,accuracy,roc_auc_ovr,avg_precision_ovr
H2O_AutoML,0.5971666704512155,0.9630165979725966,0.8810404841342057,0.14349813699530659
